pid,nice,weight,runtime,cpu_share,expected_share,share_error
1,0,1024,200.0,0.333333,0.697073,-0.363740
2,5,335,200.0,0.333333,0.228046,0.105287
3,10,110,200.0,0.333333,0.074881,0.258452
